<?xml version="1.0" encoding="UTF-8" standalone="yes"?>
<addon id="repository.Cypherslocker" name="[COLOR cyan]Cypher Media Repository[/COLOR]" version="4.0.0" provider-name="Cypher">
<extension point="xbmc.addon.repository" name="Cypher Media Repository">
    <dir>
        <info compressed="false">https://raw.githubusercontent.com/CypherMediaGIT/repository.Cypherslocker/master/addons.xml</info>   <checksum>https://raw.githubusercontent.com/CypherMediaGIT/repository.Cypherslocker/master/addons.xml.md5</checksum>
        <datadir zip="true">https://raw.githubusercontent.com/CypherMediaGIT/repository.Cypherslocker/master/</datadir>
    </dir>
</extension>
<extension point="xbmc.addon.metadata">
	<summary>Cypers Locker Repo - Home to Cypher Media</summary>
	<description>Cypers Locker Repo - Home to Cypher Media.</description>
    <platform>all</platform>
    <assets>
        <icon>icon.png</icon>
    </assets>
</extension>
</addon>

